dataset,classifier,hyperparameters,test_mcc,test_mcc_stdev,test_accuracy,test_accuracy_stdev,test_recall,test_recall_stdev,test_specificity,test_specificity_stdev,test_gm,test_gm_stdev,test_uar,test_uar_stdev,test_bm,test_bm_stdev
1904,svm_rbf,"{'classifier__C': 50, 'classifier__gamma': 'auto', 'classifier__kernel': 'rbf'}",0.698457,0.069808,0.849748,0.034771,0.842758,0.046566,0.85923,0.053801,0.850186,0.035288,0.850994,0.035137,0.701989,0.070274
1840,svm_rbf,"{'classifier__C': 100, 'classifier__gamma': 0.005, 'classifier__kernel': 'rbf'}",0.697015,0.071015,0.849011,0.035427,0.841859,0.047242,0.858717,0.053887,0.84948,0.035889,0.850288,0.035726,0.700576,0.071452
3898,svm_rbf,"{'classifier__C': 10, 'classifier__gamma': 0.05, 'classifier__kernel': 'rbf'}",0.7039,0.069428,0.852345,0.034595,0.844242,0.046382,0.863359,0.053538,0.852987,0.035108,0.8538,0.03496,0.707601,0.06992
633,svm_rbf,"{'classifier__C': 5, 'classifier__gamma': 0.05, 'classifier__kernel': 'rbf'}",0.698248,0.07061,0.8488,0.035556,0.834272,0.048583,0.868552,0.051537,0.850499,0.035633,0.851412,0.035478,0.702824,0.070956
889,svm_rbf,"{'classifier__C': 5, 'classifier__gamma': 0.05, 'classifier__kernel': 'rbf'}",0.698286,0.070331,0.848832,0.035392,0.834381,0.048338,0.868479,0.051506,0.850521,0.035483,0.85143,0.035337,0.70286,0.070674
1585,svm_rbf,"{'classifier__C': 100, 'classifier__gamma': 0.005, 'classifier__kernel': 'rbf'}",0.697411,0.070184,0.849198,0.03498,0.841908,0.046819,0.859091,0.053582,0.849694,0.035442,0.850499,0.035298,0.700999,0.070595
1649,svm_rbf,"{'classifier__C': 50, 'classifier__gamma': 0.01, 'classifier__kernel': 'rbf'}",0.699185,0.069155,0.85007,0.034462,0.84272,0.046452,0.860043,0.053524,0.850568,0.034953,0.851382,0.03481,0.702763,0.06962
1841,svm_rbf,"{'classifier__C': 50, 'classifier__gamma': 0.01, 'classifier__kernel': 'rbf'}",0.697877,0.069973,0.849458,0.034853,0.842343,0.046538,0.859112,0.053426,0.849933,0.035317,0.850728,0.035185,0.701455,0.07037
1841,svm_rbf,"{'classifier__C': 50, 'classifier__gamma': 'auto', 'classifier__kernel': 'rbf'}",0.697777,0.070069,0.849415,0.034912,0.842502,0.046778,0.858791,0.053746,0.849839,0.035392,0.850647,0.035248,0.701293,0.070496
6769,svm_rbf,"{'classifier__C': 5, 'classifier__gamma': 0.1, 'classifier__kernel': 'rbf'}",0.69479,0.071128,0.848115,0.035429,0.843232,0.047248,0.854745,0.05485,0.848172,0.036036,0.848988,0.035827,0.697977,0.071655
7025,svm_rbf,"{'classifier__C': 5, 'classifier__gamma': 0.1, 'classifier__kernel': 'rbf'}",0.69481,0.070927,0.848136,0.035316,0.843304,0.047045,0.854696,0.054788,0.848189,0.035936,0.849,0.035732,0.698001,0.071464
2929,svm_rbf,"{'classifier__C': 10, 'classifier__gamma': 0.05, 'classifier__kernel': 'rbf'}",0.699359,0.069005,0.850221,0.034431,0.843482,0.046541,0.859378,0.0532,0.850626,0.034922,0.85143,0.034734,0.70286,0.069468
3518,svm_rbf,"{'classifier__C': 5, 'classifier__gamma': 0.1, 'classifier__kernel': 'rbf'}",0.697738,0.069294,0.849489,0.034631,0.843867,0.047495,0.857135,0.053233,0.849684,0.035011,0.850501,0.034828,0.701002,0.069656
3262,svm_rbf,"{'classifier__C': 5, 'classifier__gamma': 0.1, 'classifier__kernel': 'rbf'}",0.697504,0.069525,0.849385,0.034743,0.843867,0.047535,0.85689,0.053286,0.849565,0.035123,0.850378,0.034942,0.700757,0.069885
563,svm_rbf,"{'classifier__C': 10, 'classifier__gamma': 0.05, 'classifier__kernel': 'rbf'}",0.701147,0.06779,0.851044,0.033941,0.843661,0.04682,0.86107,0.051693,0.851567,0.03424,0.852365,0.034055,0.704731,0.06811
3509,svm_rbf,"{'classifier__C': 10, 'classifier__gamma': 0.1, 'classifier__kernel': 'rbf'}",0.687924,0.071118,0.844887,0.035495,0.842258,0.048286,0.848453,0.054688,0.844523,0.035984,0.845356,0.035768,0.690711,0.071536
1842,svm_rbf,"{'classifier__C': 500, 'classifier__gamma': 0.001, 'classifier__kernel': 'rbf'}",0.697582,0.069585,0.849214,0.034769,0.841458,0.0472,0.859743,0.053309,0.849774,0.035188,0.850601,0.035011,0.701201,0.070022
1660,svm_rbf,"{'classifier__C': 5, 'classifier__gamma': 0.5, 'classifier__kernel': 'rbf'}",0.685756,0.07186,0.844743,0.035515,0.851969,0.046162,0.834904,0.056443,0.84258,0.036524,0.843437,0.036199,0.686873,0.072398
1916,svm_rbf,"{'classifier__C': 5, 'classifier__gamma': 0.5, 'classifier__kernel': 'rbf'}",0.685701,0.07206,0.844722,0.03561,0.85197,0.046124,0.834857,0.056506,0.84256,0.036633,0.843414,0.036305,0.686827,0.072611
1584,svm_rbf,"{'classifier__C': 50, 'classifier__gamma': 'auto', 'classifier__kernel': 'rbf'}",0.697899,0.070011,0.849457,0.034898,0.842361,0.046789,0.859081,0.053731,0.849911,0.03538,0.850721,0.035231,0.701442,0.070461
1840,svm_rbf,"{'classifier__C': 50, 'classifier__gamma': 0.01, 'classifier__kernel': 'rbf'}",0.697617,0.070353,0.849301,0.035083,0.842,0.046876,0.859207,0.053728,0.849795,0.035569,0.850603,0.035408,0.701207,0.070817
1840,svm_rbf,"{'classifier__C': 50, 'classifier__gamma': 'auto', 'classifier__kernel': 'rbf'}",0.697559,0.070452,0.849312,0.035086,0.842399,0.046707,0.858689,0.054062,0.849737,0.035616,0.850544,0.035465,0.701088,0.070929
1648,svm_rbf,"{'classifier__C': 100, 'classifier__gamma': 0.005, 'classifier__kernel': 'rbf'}",0.697519,0.07006,0.849208,0.034985,0.841821,0.047416,0.859235,0.05384,0.849693,0.035427,0.850528,0.035253,0.701056,0.070507
5744,svm_rbf,"{'classifier__C': 50, 'classifier__gamma': 'auto', 'classifier__kernel': 'rbf'}",0.698485,0.069457,0.849789,0.034637,0.843044,0.04662,0.858938,0.05331,0.850191,0.035096,0.850991,0.034942,0.701982,0.069884
1843,svm_rbf,"{'classifier__C': 5, 'classifier__gamma': 0.1, 'classifier__kernel': 'rbf'}",0.701731,0.069084,0.851429,0.034484,0.844549,0.046129,0.860779,0.052286,0.851901,0.034906,0.852664,0.034749,0.705328,0.069498
1907,svm_rbf,"{'classifier__C': 5, 'classifier__gamma': 0.1, 'classifier__kernel': 'rbf'}",0.702522,0.069221,0.851782,0.034593,0.844619,0.046519,0.861516,0.052222,0.852295,0.034972,0.853068,0.034807,0.706135,0.069614
1651,svm_rbf,"{'classifier__C': 5, 'classifier__gamma': 0.1, 'classifier__kernel': 'rbf'}",0.702456,0.06924,0.851761,0.03462,0.844728,0.046643,0.861321,0.052068,0.852255,0.034972,0.853024,0.034805,0.706048,0.069611
1587,svm_rbf,"{'classifier__C': 5, 'classifier__gamma': 0.1, 'classifier__kernel': 'rbf'}",0.70165,0.069231,0.851388,0.034565,0.844512,0.046251,0.86073,0.052304,0.851857,0.034977,0.852621,0.034818,0.705242,0.069637
5747,svm_rbf,"{'classifier__C': 5, 'classifier__gamma': 0.05, 'classifier__kernel': 'rbf'}",0.697784,0.068896,0.848706,0.034604,0.835101,0.047148,0.867204,0.051242,0.850275,0.034806,0.851152,0.034652,0.702304,0.069304
6003,svm_rbf,"{'classifier__C': 5, 'classifier__gamma': 0.05, 'classifier__kernel': 'rbf'}",0.697917,0.068843,0.848779,0.034583,0.835227,0.047157,0.867203,0.051149,0.85034,0.034774,0.851215,0.034619,0.70243,0.069238
6007,svm_rbf,"{'classifier__C': 10, 'classifier__gamma': 0.05, 'classifier__kernel': 'rbf'}",0.695379,0.069541,0.847793,0.034813,0.8366,0.046725,0.863014,0.052136,0.848977,0.035138,0.849807,0.035005,0.699614,0.07001
2931,svm_rbf,"{'classifier__C': 10, 'classifier__gamma': 0.05, 'classifier__kernel': 'rbf'}",0.701167,0.068789,0.851041,0.034422,0.843465,0.046783,0.861335,0.052531,0.851597,0.034836,0.8524,0.034635,0.704799,0.06927
2675,svm_rbf,"{'classifier__C': 10, 'classifier__gamma': 0.05, 'classifier__kernel': 'rbf'}",0.701154,0.068766,0.851021,0.03442,0.843356,0.046893,0.861432,0.05248,0.851588,0.034813,0.852394,0.034613,0.704789,0.069227
3706,svm_rbf,"{'classifier__C': 10, 'classifier__gamma': 0.05, 'classifier__kernel': 'rbf'}",0.704914,0.069126,0.852823,0.034435,0.844551,0.046317,0.864069,0.053693,0.853485,0.034977,0.85431,0.034819,0.70862,0.069639
3962,svm_rbf,"{'classifier__C': 10, 'classifier__gamma': 0.05, 'classifier__kernel': 'rbf'}",0.705031,0.069216,0.852875,0.034492,0.84457,0.046421,0.864169,0.053699,0.853543,0.035026,0.854369,0.034865,0.708739,0.069729
1595,svm_rbf,"{'classifier__C': 50, 'classifier__gamma': 0.005, 'classifier__kernel': 'rbf'}",0.697775,0.06936,0.848606,0.034826,0.834442,0.047698,0.867866,0.051708,0.850243,0.034997,0.851154,0.034851,0.702308,0.069702
1591,svm_rbf,"{'classifier__C': 10, 'classifier__gamma': 0.05, 'classifier__kernel': 'rbf'}",0.695004,0.069873,0.847451,0.035,0.835,0.046982,0.864386,0.052505,0.848828,0.035332,0.849693,0.035196,0.699386,0.070392
1847,svm_rbf,"{'classifier__C': 10, 'classifier__gamma': 0.05, 'classifier__kernel': 'rbf'}",0.694705,0.069755,0.847316,0.034957,0.834999,0.047028,0.864068,0.052393,0.848671,0.035277,0.849533,0.035135,0.699067,0.07027
2865,svm_rbf,"{'classifier__C': 50, 'classifier__gamma': 0.005, 'classifier__kernel': 'rbf'}",0.695327,0.07148,0.847585,0.035917,0.835067,0.048436,0.864602,0.052449,0.848959,0.036137,0.849834,0.035954,0.699668,0.071907
2609,svm_rbf,"{'classifier__C': 50, 'classifier__gamma': 0.005, 'classifier__kernel': 'rbf'}",0.695069,0.071362,0.847439,0.035855,0.834794,0.048411,0.864626,0.052518,0.848828,0.036085,0.84971,0.0359,0.699419,0.071801
4092,svm_rbf,"{'classifier__C': 5, 'classifier__gamma': 0.1, 'classifier__kernel': 'rbf'}",0.695181,0.070587,0.84799,0.035341,0.839934,0.047941,0.858944,0.052687,0.848624,0.035617,0.849439,0.035444,0.698878,0.070888
5680,svm_rbf,"{'classifier__C': 5, 'classifier__gamma': 0.05, 'classifier__kernel': 'rbf'}",0.696566,0.069973,0.848197,0.035162,0.835386,0.047615,0.865611,0.051204,0.849647,0.035325,0.850499,0.035161,0.700997,0.070323
5936,svm_rbf,"{'classifier__C': 5, 'classifier__gamma': 0.05, 'classifier__kernel': 'rbf'}",0.696733,0.07007,0.848291,0.035199,0.835531,0.047551,0.865635,0.051192,0.849737,0.035364,0.850583,0.035205,0.701167,0.070411
1724,svm_rbf,"{'classifier__C': 1, 'classifier__gamma': 0.5, 'classifier__kernel': 'rbf'}",0.69172,0.071118,0.846815,0.035363,0.843706,0.046398,0.851037,0.054277,0.846609,0.035987,0.847372,0.035815,0.694743,0.07163
1980,svm_rbf,"{'classifier__C': 1, 'classifier__gamma': 0.5, 'classifier__kernel': 'rbf'}",0.691876,0.071101,0.846889,0.035348,0.843781,0.046411,0.851113,0.054383,0.84668,0.035981,0.847447,0.03581,0.694893,0.071619
8186,svm_rbf,"{'classifier__C': 50, 'classifier__gamma': 0.005, 'classifier__kernel': 'rbf'}",0.696272,0.069506,0.848113,0.034853,0.836073,0.047475,0.864477,0.051862,0.849414,0.035065,0.850275,0.034922,0.70055,0.069845
3835,svm_rbf,"{'classifier__C': 5, 'classifier__gamma': 0.05, 'classifier__kernel': 'rbf'}",0.696496,0.069527,0.84804,0.034927,0.834537,0.047901,0.866397,0.051811,0.849565,0.035102,0.850467,0.034942,0.700934,0.069884
4091,svm_rbf,"{'classifier__C': 5, 'classifier__gamma': 0.05, 'classifier__kernel': 'rbf'}",0.696723,0.069516,0.848164,0.034916,0.834752,0.047872,0.866396,0.051815,0.849675,0.035091,0.850574,0.034935,0.701148,0.06987
3834,svm_rbf,"{'classifier__C': 5, 'classifier__gamma': 0.05, 'classifier__kernel': 'rbf'}",0.696623,0.069521,0.848163,0.034914,0.83511,0.047812,0.865901,0.051728,0.849618,0.035089,0.850505,0.03493,0.70101,0.069859
1852,svm_rbf,"{'classifier__C': 5, 'classifier__gamma': 0.5, 'classifier__kernel': 'rbf'}",0.685375,0.071714,0.844578,0.03543,0.85217,0.046066,0.834244,0.056719,0.842337,0.03648,0.843207,0.036158,0.686414,0.072315
4912,svm_rbf,"{'classifier__C': 10, 'classifier__gamma': 0.05, 'classifier__kernel': 'rbf'}",0.699259,0.069814,0.850192,0.034882,0.843952,0.047554,0.858671,0.053252,0.850498,0.035253,0.851312,0.035074,0.702623,0.070148
6078,svm_rbf,"{'classifier__C': 1, 'classifier__gamma': 0.5, 'classifier__kernel': 'rbf'}",0.693313,0.071496,0.847605,0.035588,0.844736,0.04703,0.851499,0.054563,0.847337,0.036184,0.848118,0.035994,0.696235,0.071989
5822,svm_rbf,"{'classifier__C': 1, 'classifier__gamma': 0.5, 'classifier__kernel': 'rbf'}",0.693243,0.071479,0.847563,0.035573,0.844646,0.047032,0.851524,0.054591,0.847302,0.036168,0.848085,0.035982,0.69617,0.071965
1851,svm_rbf,"{'classifier__C': 50, 'classifier__gamma': 0.005, 'classifier__kernel': 'rbf'}",0.697794,0.069332,0.848605,0.034835,0.834387,0.04786,0.86794,0.051543,0.850251,0.034973,0.851163,0.034825,0.702326,0.06965
1850,svm_rbf,"{'classifier__C': 50, 'classifier__gamma': 0.005, 'classifier__kernel': 'rbf'}",0.697727,0.069531,0.848584,0.034916,0.834442,0.04778,0.867816,0.051762,0.850218,0.03509,0.851129,0.034941,0.702258,0.069882
4915,svm_rbf,"{'classifier__C': 10, 'classifier__gamma': 0.05, 'classifier__kernel': 'rbf'}",0.700663,0.068382,0.850845,0.034207,0.843839,0.04676,0.860361,0.052269,0.851302,0.03458,0.8521,0.034388,0.7042,0.068776
4659,svm_rbf,"{'classifier__C': 10, 'classifier__gamma': 0.05, 'classifier__kernel': 'rbf'}",0.700597,0.068477,0.850814,0.034253,0.843874,0.046869,0.860239,0.052338,0.851257,0.034615,0.852057,0.03443,0.704113,0.068859
7412,svm_rbf,"{'classifier__C': 10, 'classifier__gamma': 0.1, 'classifier__kernel': 'rbf'}",0.688396,0.07194,0.845498,0.035786,0.846782,0.047955,0.843745,0.05549,0.844434,0.036423,0.845263,0.036176,0.690526,0.072353
2558,svm_rbf,"{'classifier__C': 10, 'classifier__gamma': 0.1, 'classifier__kernel': 'rbf'}",0.695802,0.069973,0.848519,0.034962,0.842295,0.046882,0.856976,0.053093,0.84885,0.035407,0.849636,0.035224,0.699271,0.070448
880,svm_rbf,"{'classifier__C': 10, 'classifier__gamma': 0.05, 'classifier__kernel': 'rbf'}",0.700138,0.069294,0.850577,0.034637,0.843807,0.04742,0.859774,0.052943,0.850974,0.034982,0.85179,0.034809,0.703581,0.069618
2673,svm_rbf,"{'classifier__C': 50, 'classifier__gamma': 0.005, 'classifier__kernel': 'rbf'}",0.696052,0.071212,0.847917,0.035827,0.835352,0.048878,0.864991,0.052438,0.849277,0.036008,0.850172,0.035808,0.700344,0.071616
2672,svm_rbf,"{'classifier__C': 50, 'classifier__gamma': 0.005, 'classifier__kernel': 'rbf'}",0.695462,0.071168,0.847615,0.035795,0.835007,0.048842,0.864747,0.052559,0.848977,0.035985,0.849877,0.035791,0.699754,0.071583
2928,svm_rbf,"{'classifier__C': 50, 'classifier__gamma': 0.005, 'classifier__kernel': 'rbf'}",0.695737,0.071167,0.84775,0.035806,0.835098,0.048867,0.864943,0.052391,0.849124,0.035979,0.85002,0.035783,0.700041,0.071566
2929,svm_rbf,"{'classifier__C': 50, 'classifier__gamma': 0.005, 'classifier__kernel': 'rbf'}",0.696024,0.071194,0.847907,0.035805,0.835355,0.048765,0.864965,0.052548,0.849265,0.036008,0.85016,0.035809,0.700319,0.071618
3121,svm_rbf,"{'classifier__C': 100, 'classifier__gamma': 0.005, 'classifier__kernel': 'rbf'}",0.692371,0.069429,0.84691,0.034599,0.841858,0.046566,0.853765,0.05384,0.84701,0.035128,0.847811,0.034962,0.695622,0.069924
3377,svm_rbf,"{'classifier__C': 100, 'classifier__gamma': 0.005, 'classifier__kernel': 'rbf'}",0.692447,0.069344,0.846961,0.034538,0.842056,0.04646,0.853615,0.053964,0.847033,0.035083,0.847835,0.034925,0.69567,0.06985
5937,svm_rbf,"{'classifier__C': 100, 'classifier__gamma': 0.005, 'classifier__kernel': 'rbf'}",0.696943,0.070564,0.849019,0.035138,0.842158,0.046657,0.858327,0.053826,0.849447,0.035641,0.850243,0.035501,0.700485,0.071003
1905,svm_rbf,"{'classifier__C': 50, 'classifier__gamma': 'auto', 'classifier__kernel': 'rbf'}",0.698376,0.069362,0.849718,0.034556,0.842865,0.046519,0.859014,0.053588,0.850131,0.035042,0.850939,0.034902,0.701879,0.069803
5180,svm_rbf,"{'classifier__C': 5, 'classifier__gamma': 0.1, 'classifier__kernel': 'rbf'}",0.698336,0.069822,0.849766,0.0348,0.843552,0.046661,0.85821,0.053771,0.85008,0.035329,0.850881,0.035163,0.701763,0.070325
1651,svm_rbf,"{'classifier__C': 50, 'classifier__gamma': 'auto', 'classifier__kernel': 'rbf'}",0.69955,0.070483,0.850245,0.035154,0.842683,0.046857,0.860509,0.053392,0.8508,0.035595,0.851596,0.035453,0.703192,0.070906
5336,svm_rbf,"{'classifier__C': 50, 'classifier__gamma': 'auto', 'classifier__kernel': 'rbf'}",0.69176,0.069257,0.847146,0.034337,0.84764,0.045756,0.846474,0.054552,0.846269,0.035084,0.847057,0.034868,0.694115,0.069735
3377,svm_rbf,"{'classifier__C': 50, 'classifier__gamma': 0.01, 'classifier__kernel': 'rbf'}",0.693354,0.06983,0.84744,0.034787,0.842722,0.046539,0.853841,0.053953,0.847489,0.035332,0.848281,0.035168,0.696563,0.070335
3377,svm_rbf,"{'classifier__C': 50, 'classifier__gamma': 'auto', 'classifier__kernel': 'rbf'}",0.693354,0.06983,0.84744,0.034787,0.842722,0.046539,0.853841,0.053953,0.847489,0.035332,0.848281,0.035168,0.696563,0.070335
3697,svm_rbf,"{'classifier__C': 5, 'classifier__gamma': 0.05, 'classifier__kernel': 'rbf'}",0.696718,0.069239,0.848261,0.034823,0.835391,0.047501,0.865752,0.051069,0.849711,0.034991,0.850571,0.034812,0.701142,0.069624
3953,svm_rbf,"{'classifier__C': 5, 'classifier__gamma': 0.05, 'classifier__kernel': 'rbf'}",0.69685,0.069378,0.848333,0.034893,0.835516,0.047556,0.865752,0.051081,0.849776,0.035057,0.850634,0.03488,0.701268,0.069759
5747,svm_rbf,"{'classifier__C': 100, 'classifier__gamma': 0.005, 'classifier__kernel': 'rbf'}",0.698888,0.069585,0.849944,0.034712,0.842722,0.046641,0.859748,0.053229,0.850435,0.035169,0.851235,0.035012,0.70247,0.070024
3378,svm_rbf,"{'classifier__C': 50, 'classifier__gamma': 0.01, 'classifier__kernel': 'rbf'}",0.696141,0.069311,0.848748,0.034547,0.84296,0.046006,0.856604,0.053301,0.849006,0.035099,0.849782,0.034922,0.699565,0.069845
3378,svm_rbf,"{'classifier__C': 50, 'classifier__gamma': 'auto', 'classifier__kernel': 'rbf'}",0.696141,0.069311,0.848748,0.034547,0.84296,0.046006,0.856604,0.053301,0.849006,0.035099,0.849782,0.034922,0.699565,0.069845
2239,svm_rbf,"{'classifier__C': 10, 'classifier__gamma': 0.1, 'classifier__kernel': 'rbf'}",0.694519,0.069666,0.847866,0.034733,0.841462,0.046322,0.856559,0.053702,0.848215,0.035303,0.849011,0.035125,0.698021,0.07025
5592,svm_rbf,"{'classifier__C': 50, 'classifier__gamma': 'auto', 'classifier__kernel': 'rbf'}",0.691807,0.069198,0.847188,0.034286,0.847804,0.045513,0.846352,0.054571,0.846295,0.035057,0.847078,0.034845,0.694156,0.069691
1842,svm_rbf,"{'classifier__C': 100, 'classifier__gamma': 0.005, 'classifier__kernel': 'rbf'}",0.698121,0.069825,0.849518,0.034886,0.841949,0.04713,0.859791,0.052994,0.850063,0.035268,0.85087,0.035105,0.701741,0.070211
3120,svm_rbf,"{'classifier__C': 100, 'classifier__gamma': 0.005, 'classifier__kernel': 'rbf'}",0.69242,0.069591,0.84692,0.034755,0.841664,0.046759,0.854062,0.053578,0.847065,0.035271,0.847863,0.035071,0.695725,0.070141
826,svm_rbf,"{'classifier__C': 500, 'classifier__gamma': 0.001, 'classifier__kernel': 'rbf'}",0.698387,0.070445,0.849501,0.035216,0.840568,0.04734,0.86164,0.053536,0.85027,0.035645,0.851104,0.035479,0.702207,0.070959
5528,svm_rbf,"{'classifier__C': 50, 'classifier__gamma': 'auto', 'classifier__kernel': 'rbf'}",0.690653,0.069407,0.846576,0.034425,0.846833,0.045824,0.84623,0.054599,0.845743,0.035169,0.846531,0.034953,0.693063,0.069906
2556,svm_rbf,"{'classifier__C': 10, 'classifier__gamma': 0.1, 'classifier__kernel': 'rbf'}",0.692921,0.070072,0.847169,0.034934,0.84177,0.046624,0.854503,0.053612,0.847351,0.035456,0.848137,0.035285,0.696273,0.07057
3698,svm_rbf,"{'classifier__C': 5, 'classifier__gamma': 0.05, 'classifier__kernel': 'rbf'}",0.697306,0.068763,0.848501,0.034556,0.83527,0.047343,0.866485,0.051282,0.849998,0.034757,0.850878,0.034578,0.701756,0.069156
3954,svm_rbf,"{'classifier__C': 5, 'classifier__gamma': 0.05, 'classifier__kernel': 'rbf'}",0.697271,0.068934,0.848491,0.034645,0.835343,0.047463,0.866363,0.051307,0.849974,0.034837,0.850853,0.034657,0.701706,0.069315
3635,svm_rbf,"{'classifier__C': 10, 'classifier__gamma': 0.05, 'classifier__kernel': 'rbf'}",0.702731,0.068379,0.851835,0.034179,0.844203,0.04628,0.862196,0.052092,0.852416,0.034566,0.853199,0.0344,0.706399,0.0688
3891,svm_rbf,"{'classifier__C': 10, 'classifier__gamma': 0.05, 'classifier__kernel': 'rbf'}",0.702687,0.068258,0.851814,0.034121,0.844239,0.046316,0.862097,0.052114,0.852381,0.034504,0.853168,0.034338,0.706336,0.068677
4086,svm_rbf,"{'classifier__C': 10, 'classifier__gamma': 0.05, 'classifier__kernel': 'rbf'}",0.694891,0.070978,0.847794,0.035576,0.839487,0.048585,0.859089,0.053019,0.848449,0.035822,0.849288,0.035642,0.698576,0.071284
3830,svm_rbf,"{'classifier__C': 10, 'classifier__gamma': 0.05, 'classifier__kernel': 'rbf'}",0.695029,0.070728,0.847847,0.035451,0.839434,0.04857,0.859287,0.052923,0.848518,0.035677,0.84936,0.035505,0.698721,0.07101
7800,svm_rbf,"{'classifier__C': 50, 'classifier__gamma': 'auto', 'classifier__kernel': 'rbf'}",0.696792,0.069509,0.849032,0.034658,0.843159,0.046722,0.857002,0.053538,0.849279,0.035182,0.85008,0.034986,0.700161,0.069972
5502,svm_rbf,"{'classifier__C': 5, 'classifier__gamma': 0.1, 'classifier__kernel': 'rbf'}",0.698774,0.070168,0.849924,0.035066,0.843287,0.047435,0.858948,0.05337,0.850308,0.035469,0.851117,0.035297,0.702234,0.070594
5246,svm_rbf,"{'classifier__C': 5, 'classifier__gamma': 0.1, 'classifier__kernel': 'rbf'}",0.698486,0.06987,0.849778,0.034924,0.843143,0.047396,0.858799,0.053289,0.850159,0.035325,0.850971,0.03515,0.701942,0.070301
1651,svm_rbf,"{'classifier__C': 100, 'classifier__gamma': 0.005, 'classifier__kernel': 'rbf'}",0.699516,0.069562,0.850173,0.034687,0.842217,0.046676,0.860974,0.053395,0.850781,0.035141,0.851595,0.035003,0.703191,0.070005
5683,svm_rbf,"{'classifier__C': 100, 'classifier__gamma': 0.005, 'classifier__kernel': 'rbf'}",0.6987,0.069543,0.84987,0.034671,0.842756,0.046404,0.859526,0.053305,0.850346,0.035152,0.851141,0.035008,0.702282,0.070016
5683,svm_rbf,"{'classifier__C': 10, 'classifier__gamma': 0.05, 'classifier__kernel': 'rbf'}",0.700995,0.069214,0.851013,0.034531,0.843749,0.046276,0.860875,0.052579,0.851534,0.034959,0.852312,0.034808,0.704624,0.069616
1587,svm_rbf,"{'classifier__C': 10, 'classifier__gamma': 0.05, 'classifier__kernel': 'rbf'}",0.701913,0.069106,0.851418,0.034476,0.843729,0.046337,0.861854,0.052698,0.852002,0.034899,0.852791,0.034759,0.705583,0.069519
5939,svm_rbf,"{'classifier__C': 10, 'classifier__gamma': 0.05, 'classifier__kernel': 'rbf'}",0.701137,0.069649,0.851085,0.034742,0.843893,0.046461,0.86085,0.052875,0.851589,0.035183,0.852371,0.035029,0.704743,0.070059
1650,svm_rbf,"{'classifier__C': 50, 'classifier__gamma': 0.01, 'classifier__kernel': 'rbf'}",0.70023,0.069452,0.850535,0.034635,0.842541,0.046512,0.861383,0.053245,0.851154,0.035101,0.851962,0.034955,0.703924,0.069909
2619,svm_rbf,"{'classifier__C': 50, 'classifier__gamma': 0.005, 'classifier__kernel': 'rbf'}",0.698263,0.070266,0.848824,0.035299,0.834509,0.04809,0.868288,0.052451,0.850472,0.035521,0.851399,0.035364,0.702797,0.070729
2875,svm_rbf,"{'classifier__C': 50, 'classifier__gamma': 0.005, 'classifier__kernel': 'rbf'}",0.698119,0.070361,0.848751,0.035336,0.834402,0.048016,0.868263,0.052542,0.850407,0.03558,0.851333,0.035422,0.702666,0.070844
1496,svm_rbf,"{'classifier__C': 50, 'classifier__gamma': 'auto', 'classifier__kernel': 'rbf'}",0.692395,0.069084,0.847406,0.034273,0.847336,0.045847,0.847501,0.054309,0.846633,0.034956,0.847418,0.034767,0.694837,0.069533
6706,svm_rbf,"{'classifier__C': 5, 'classifier__gamma': 0.1, 'classifier__kernel': 'rbf'}",0.697917,0.070141,0.84967,0.034925,0.844691,0.046756,0.85643,0.054389,0.849753,0.03554,0.85056,0.035333,0.70112,0.070666
6962,svm_rbf,"{'classifier__C': 5, 'classifier__gamma': 0.1, 'classifier__kernel': 'rbf'}",0.697938,0.070111,0.84967,0.034922,0.844654,0.046928,0.856479,0.054265,0.849757,0.035496,0.850566,0.035296,0.701133,0.070591
1716,svm_rbf,"{'classifier__C': 100, 'classifier__gamma': 'auto', 'classifier__kernel': 'rbf'}",0.685021,0.072819,0.843191,0.036444,0.838268,0.049554,0.849868,0.054951,0.84321,0.036807,0.844068,0.036594,0.688136,0.073188
3696,svm_rbf,"{'classifier__C': 10, 'classifier__gamma': 0.05, 'classifier__kernel': 'rbf'}",0.701282,0.069527,0.851199,0.034784,0.844455,0.046912,0.860355,0.05227,0.85163,0.035146,0.852405,0.034954,0.70481,0.069908
3952,svm_rbf,"{'classifier__C': 10, 'classifier__gamma': 0.05, 'classifier__kernel': 'rbf'}",0.701413,0.069452,0.851272,0.034733,0.844598,0.046801,0.86033,0.052415,0.851687,0.03512,0.852464,0.034928,0.704928,0.069855
1406,svm_rbf,"{'classifier__C': 5, 'classifier__gamma': 0.1, 'classifier__kernel': 'rbf'}",0.698615,0.070131,0.849778,0.035065,0.842384,0.047314,0.85983,0.053128,0.8503,0.035453,0.851107,0.035288,0.702215,0.070576
4026,svm_rbf,"{'classifier__C': 50, 'classifier__gamma': 0.005, 'classifier__kernel': 'rbf'}",0.695913,0.069422,0.847874,0.034784,0.835278,0.047224,0.864995,0.052071,0.849263,0.035041,0.850136,0.034901,0.700272,0.069801
3770,svm_rbf,"{'classifier__C': 50, 'classifier__gamma': 0.005, 'classifier__kernel': 'rbf'}",0.695832,0.069314,0.847822,0.034736,0.835134,0.047235,0.865068,0.051969,0.849227,0.034979,0.850101,0.03484,0.700202,0.069681
5681,svm_rbf,"{'classifier__C': 50, 'classifier__gamma': 0.01, 'classifier__kernel': 'rbf'}",0.698118,0.070022,0.849602,0.034895,0.842793,0.046696,0.85884,0.05358,0.850017,0.035371,0.850816,0.035226,0.701633,0.070451
6001,svm_rbf,"{'classifier__C': 50, 'classifier__gamma': 0.01, 'classifier__kernel': 'rbf'}",0.698599,0.069251,0.849861,0.034516,0.843276,0.046508,0.858789,0.053386,0.850231,0.034991,0.851032,0.034842,0.702065,0.069685
5745,svm_rbf,"{'classifier__C': 50, 'classifier__gamma': 0.01, 'classifier__kernel': 'rbf'}",0.69898,0.068874,0.850048,0.034328,0.843384,0.046281,0.859085,0.053214,0.850437,0.03481,0.851235,0.034662,0.702469,0.069324
5744,svm_rbf,"{'classifier__C': 100, 'classifier__gamma': 0.005, 'classifier__kernel': 'rbf'}",0.697798,0.070108,0.849436,0.03496,0.842558,0.046746,0.858768,0.053677,0.84986,0.035453,0.850663,0.035292,0.701326,0.070585
5940,svm_rbf,"{'classifier__C': 10, 'classifier__gamma': 0.1, 'classifier__kernel': 'rbf'}",0.691824,0.071217,0.846321,0.035567,0.838134,0.047321,0.857451,0.053937,0.846972,0.036029,0.847793,0.035879,0.695586,0.071759
5684,svm_rbf,"{'classifier__C': 10, 'classifier__gamma': 0.1, 'classifier__kernel': 'rbf'}",0.691844,0.071158,0.846342,0.035537,0.838205,0.047186,0.857403,0.053974,0.846986,0.036025,0.847804,0.035868,0.695608,0.071736
3696,svm_rbf,"{'classifier__C': 5, 'classifier__gamma': 0.05, 'classifier__kernel': 'rbf'}",0.696577,0.069416,0.848199,0.034875,0.835429,0.047441,0.865555,0.051433,0.849628,0.03509,0.850492,0.034908,0.700985,0.069816
3952,svm_rbf,"{'classifier__C': 5, 'classifier__gamma': 0.05, 'classifier__kernel': 'rbf'}",0.6966,0.069407,0.848219,0.034874,0.835518,0.047456,0.865482,0.051351,0.849639,0.03508,0.8505,0.034898,0.701,0.069797
5686,svm_rbf,"{'classifier__C': 10, 'classifier__gamma': 0.05, 'classifier__kernel': 'rbf'}",0.695339,0.069861,0.847743,0.035036,0.83639,0.047268,0.863185,0.052005,0.848949,0.035294,0.849787,0.03515,0.699575,0.070301
3835,svm_rbf,"{'classifier__C': 50, 'classifier__gamma': 0.005, 'classifier__kernel': 'rbf'}",0.696101,0.069422,0.847916,0.034845,0.835043,0.04772,0.865413,0.052041,0.849336,0.035051,0.850228,0.0349,0.700456,0.0698
4091,svm_rbf,"{'classifier__C': 50, 'classifier__gamma': 0.005, 'classifier__kernel': 'rbf'}",0.696054,0.069558,0.847885,0.034913,0.834953,0.047791,0.865463,0.052064,0.849315,0.035115,0.850208,0.034965,0.700416,0.069929
4026,svm_rbf,"{'classifier__C': 5, 'classifier__gamma': 0.05, 'classifier__kernel': 'rbf'}",0.696572,0.069619,0.848131,0.034902,0.834964,0.047498,0.866024,0.051954,0.849609,0.035112,0.850494,0.034979,0.700988,0.069957
3770,svm_rbf,"{'classifier__C': 5, 'classifier__gamma': 0.05, 'classifier__kernel': 'rbf'}",0.696476,0.0696,0.84808,0.034886,0.834894,0.047489,0.865999,0.05198,0.84956,0.035095,0.850446,0.034966,0.700892,0.069931
946,svm_rbf,"{'classifier__C': 10, 'classifier__gamma': 0.1, 'classifier__kernel': 'rbf'}",0.697706,0.069368,0.84981,0.034398,0.84705,0.045717,0.853546,0.054116,0.849525,0.035066,0.850298,0.0349,0.700595,0.0698
7987,svm_rbf,"{'classifier__C': 10, 'classifier__gamma': 0.05, 'classifier__kernel': 'rbf'}",0.698648,0.069319,0.849943,0.03457,0.843806,0.046361,0.858271,0.053479,0.850245,0.035117,0.851038,0.03493,0.702077,0.069859
7731,svm_rbf,"{'classifier__C': 10, 'classifier__gamma': 0.05, 'classifier__kernel': 'rbf'}",0.698435,0.069531,0.849838,0.034668,0.843679,0.046372,0.858198,0.053467,0.850149,0.035207,0.850939,0.035027,0.701877,0.070054
3186,svm_rbf,"{'classifier__C': 50, 'classifier__gamma': 0.01, 'classifier__kernel': 'rbf'}",0.696524,0.069217,0.848914,0.034496,0.842906,0.046028,0.857071,0.053184,0.849212,0.03502,0.849989,0.034858,0.699977,0.069716
3186,svm_rbf,"{'classifier__C': 50, 'classifier__gamma': 'auto', 'classifier__kernel': 'rbf'}",0.696524,0.069217,0.848914,0.034496,0.842906,0.046028,0.857071,0.053184,0.849212,0.03502,0.849989,0.034858,0.699977,0.069716
3442,svm_rbf,"{'classifier__C': 50, 'classifier__gamma': 0.01, 'classifier__kernel': 'rbf'}",0.696372,0.069089,0.848841,0.034427,0.842903,0.045994,0.856901,0.053311,0.849121,0.034965,0.849902,0.034804,0.699804,0.069608
5819,svm_rbf,"{'classifier__C': 50, 'classifier__gamma': 0.005, 'classifier__kernel': 'rbf'}",0.694309,0.069437,0.847016,0.034923,0.833926,0.047824,0.8648,0.051449,0.848481,0.03509,0.849363,0.034919,0.698726,0.069839
6075,svm_rbf,"{'classifier__C': 50, 'classifier__gamma': 0.005, 'classifier__kernel': 'rbf'}",0.694319,0.0695,0.847026,0.034943,0.833927,0.047724,0.864826,0.051353,0.848501,0.035105,0.849376,0.034942,0.698752,0.069884
6139,svm_rbf,"{'classifier__C': 50, 'classifier__gamma': 0.005, 'classifier__kernel': 'rbf'}",0.694962,0.069626,0.847295,0.035,0.833781,0.047726,0.865659,0.051663,0.848829,0.035198,0.84972,0.035029,0.699439,0.070059
5883,svm_rbf,"{'classifier__C': 50, 'classifier__gamma': 0.005, 'classifier__kernel': 'rbf'}",0.69482,0.069694,0.847233,0.035028,0.833816,0.047758,0.865463,0.051804,0.848748,0.03524,0.84964,0.035069,0.699279,0.070137
3518,svm_rbf,"{'classifier__C': 10, 'classifier__gamma': 0.1, 'classifier__kernel': 'rbf'}",0.698336,0.070896,0.850211,0.035192,0.848379,0.046185,0.852693,0.054915,0.849761,0.035941,0.850536,0.035727,0.701072,0.071453
5746,svm_rbf,"{'classifier__C': 50, 'classifier__gamma': 0.01, 'classifier__kernel': 'rbf'}",0.70052,0.0696,0.850721,0.034717,0.843102,0.046559,0.861064,0.053181,0.851283,0.035174,0.852083,0.035024,0.704166,0.070048
561,svm_rbf,"{'classifier__C': 10, 'classifier__gamma': 0.05, 'classifier__kernel': 'rbf'}",0.698768,0.069081,0.849902,0.034532,0.843172,0.0473,0.859038,0.052996,0.850287,0.034903,0.851105,0.034724,0.70221,0.069449
3508,svm_rbf,"{'classifier__C': 10, 'classifier__gamma': 0.1, 'classifier__kernel': 'rbf'}",0.689227,0.071186,0.845561,0.035507,0.843195,0.048091,0.848769,0.055077,0.845147,0.036064,0.845982,0.035841,0.691964,0.071681
2044,svm_rbf,"{'classifier__C': 10, 'classifier__gamma': 0.1, 'classifier__kernel': 'rbf'}",0.696474,0.070566,0.849041,0.035082,0.844701,0.046528,0.854924,0.054174,0.849031,0.035673,0.849812,0.0355,0.699625,0.071001
5884,svm_rbf,"{'classifier__C': 10, 'classifier__gamma': 0.1, 'classifier__kernel': 'rbf'}",0.697101,0.070739,0.849373,0.035183,0.84537,0.04682,0.854803,0.054248,0.8493,0.035755,0.850087,0.035578,0.700174,0.071155
3697,svm_rbf,"{'classifier__C': 10, 'classifier__gamma': 0.05, 'classifier__kernel': 'rbf'}",0.700977,0.068882,0.850981,0.034468,0.843607,0.046723,0.860992,0.052082,0.851515,0.034819,0.8523,0.034637,0.704599,0.069274
6771,svm_rbf,"{'classifier__C': 5, 'classifier__gamma': 0.1, 'classifier__kernel': 'rbf'}",0.695883,0.070302,0.84859,0.03504,0.842924,0.046931,0.856285,0.05414,0.848797,0.035592,0.849605,0.035397,0.69921,0.070794
3511,svm_rbf,"{'classifier__C': 10, 'classifier__gamma': 0.1, 'classifier__kernel': 'rbf'}",0.690656,0.071132,0.846176,0.035476,0.842731,0.04789,0.850855,0.054948,0.845962,0.036049,0.846793,0.035819,0.693585,0.071639
689,svm_rbf,"{'classifier__C': 5, 'classifier__gamma': 0.1, 'classifier__kernel': 'rbf'}",0.700733,0.069114,0.851088,0.034457,0.846011,0.046333,0.857986,0.052975,0.851226,0.03494,0.851999,0.034762,0.703997,0.069524
945,svm_rbf,"{'classifier__C': 5, 'classifier__gamma': 0.1, 'classifier__kernel': 'rbf'}",0.700477,0.069122,0.850953,0.034462,0.845777,0.046296,0.857987,0.052997,0.851109,0.03495,0.851882,0.034776,0.703764,0.069552
635,svm_rbf,"{'classifier__C': 5, 'classifier__gamma': 0.05, 'classifier__kernel': 'rbf'}",0.698443,0.069769,0.848871,0.035089,0.833947,0.047756,0.869164,0.051413,0.850644,0.035243,0.851555,0.03509,0.703111,0.070181
6076,svm_rbf,"{'classifier__C': 10, 'classifier__gamma': 0.1, 'classifier__kernel': 'rbf'}",0.696789,0.070601,0.849227,0.035076,0.845188,0.046368,0.854705,0.054409,0.849165,0.035709,0.849947,0.035533,0.699894,0.071066
5936,svm_rbf,"{'classifier__C': 50, 'classifier__gamma': 'auto', 'classifier__kernel': 'rbf'}",0.697747,0.070139,0.849425,0.034979,0.842721,0.046868,0.858519,0.053593,0.849819,0.03545,0.85062,0.035289,0.70124,0.070578
2673,svm_rbf,"{'classifier__C': 50, 'classifier__gamma': 'auto', 'classifier__kernel': 'rbf'}",0.697962,0.070699,0.849528,0.035319,0.842831,0.047429,0.858616,0.053526,0.849919,0.035749,0.850723,0.035563,0.701447,0.071125
1843,svm_rbf,"{'classifier__C': 5, 'classifier__gamma': 0.05, 'classifier__kernel': 'rbf'}",0.69665,0.069325,0.848105,0.034833,0.83411,0.047224,0.867127,0.051177,0.849741,0.035017,0.850618,0.034867,0.701237,0.069734
1587,svm_rbf,"{'classifier__C': 5, 'classifier__gamma': 0.05, 'classifier__kernel': 'rbf'}",0.696723,0.069278,0.848136,0.034815,0.834109,0.047267,0.867201,0.051127,0.849776,0.034993,0.850655,0.03484,0.70131,0.069679
2609,svm_rbf,"{'classifier__C': 10, 'classifier__gamma': 0.05, 'classifier__kernel': 'rbf'}",0.698064,0.06938,0.849568,0.034612,0.842743,0.046633,0.858842,0.053393,0.849987,0.035114,0.850792,0.034927,0.701585,0.069853
1271,svm_rbf,"{'classifier__C': 10, 'classifier__gamma': 0.05, 'classifier__kernel': 'rbf'}",0.692926,0.070489,0.846902,0.035341,0.839706,0.048671,0.856695,0.053658,0.847343,0.035654,0.8482,0.035448,0.696401,0.070896
1585,svm_rbf,"{'classifier__C': 50, 'classifier__gamma': 0.01, 'classifier__kernel': 'rbf'}",0.698219,0.06978,0.849603,0.034756,0.842306,0.046526,0.859502,0.053576,0.850099,0.035236,0.850904,0.035104,0.701807,0.070207
1585,svm_rbf,"{'classifier__C': 50, 'classifier__gamma': 'auto', 'classifier__kernel': 'rbf'}",0.698044,0.069668,0.84953,0.0347,0.842393,0.046522,0.859208,0.05361,0.849995,0.035183,0.8508,0.03505,0.701601,0.070101
1907,svm_rbf,"{'classifier__C': 10, 'classifier__gamma': 0.05, 'classifier__kernel': 'rbf'}",0.702687,0.068903,0.851801,0.034415,0.843981,0.046288,0.862413,0.052271,0.852416,0.034819,0.853197,0.034662,0.706395,0.069324
1651,svm_rbf,"{'classifier__C': 10, 'classifier__gamma': 0.05, 'classifier__kernel': 'rbf'}",0.702641,0.069029,0.85177,0.034484,0.843872,0.04636,0.862488,0.05227,0.852399,0.034882,0.85318,0.034722,0.70636,0.069445
5745,svm_rbf,"{'classifier__C': 10, 'classifier__gamma': 0.05, 'classifier__kernel': 'rbf'}",0.700203,0.069662,0.850659,0.034817,0.843837,0.046784,0.859921,0.052357,0.851107,0.035182,0.851879,0.035018,0.703758,0.070037
7866,svm_rbf,"{'classifier__C': 50, 'classifier__gamma': 0.005, 'classifier__kernel': 'rbf'}",0.696717,0.06959,0.848383,0.034853,0.836739,0.047229,0.864211,0.052228,0.84962,0.035128,0.850475,0.03499,0.70095,0.069981
5937,svm_rbf,"{'classifier__C': 50, 'classifier__gamma': 'auto', 'classifier__kernel': 'rbf'}",0.697446,0.070128,0.84929,0.034957,0.842807,0.046984,0.858077,0.053647,0.849637,0.035411,0.850442,0.03526,0.700884,0.07052
4913,svm_rbf,"{'classifier__C': 10, 'classifier__gamma': 0.05, 'classifier__kernel': 'rbf'}",0.698233,0.069244,0.849704,0.03459,0.843624,0.047247,0.85796,0.053119,0.849981,0.034985,0.850792,0.034801,0.701584,0.069602
4977,svm_rbf,"{'classifier__C': 10, 'classifier__gamma': 0.05, 'classifier__kernel': 'rbf'}",0.699152,0.069226,0.85014,0.034571,0.843894,0.047247,0.858623,0.053261,0.850441,0.034984,0.851258,0.034798,0.702516,0.069595
3518,svm_rbf,"{'classifier__C': 10, 'classifier__gamma': 0.05, 'classifier__kernel': 'rbf'}",0.696073,0.069303,0.8485,0.034685,0.841231,0.047586,0.858385,0.05281,0.848985,0.03501,0.849808,0.034837,0.699616,0.069673
3262,svm_rbf,"{'classifier__C': 10, 'classifier__gamma': 0.05, 'classifier__kernel': 'rbf'}",0.696051,0.069327,0.84848,0.034704,0.841124,0.047629,0.858482,0.05277,0.848979,0.035021,0.849803,0.034846,0.699606,0.069693
5939,svm_rbf,"{'classifier__C': 50, 'classifier__gamma': 'auto', 'classifier__kernel': 'rbf'}",0.698389,0.069928,0.849735,0.034859,0.842956,0.046696,0.858942,0.053604,0.850148,0.035334,0.850949,0.035191,0.701899,0.070383
3771,svm_rbf,"{'classifier__C': 5, 'classifier__gamma': 0.05, 'classifier__kernel': 'rbf'}",0.695827,0.069433,0.847697,0.034871,0.834174,0.047936,0.866077,0.051838,0.849219,0.035029,0.850126,0.03488,0.700252,0.06976
2236,svm_rbf,"{'classifier__C': 10, 'classifier__gamma': 0.1, 'classifier__kernel': 'rbf'}",0.692597,0.071019,0.847045,0.035382,0.841877,0.046695,0.854063,0.053883,0.847196,0.035927,0.84797,0.035759,0.69594,0.071517
1584,svm_rbf,"{'classifier__C': 50, 'classifier__gamma': 0.01, 'classifier__kernel': 'rbf'}",0.697793,0.07009,0.849363,0.034935,0.841874,0.046751,0.859524,0.053889,0.849883,0.035443,0.850699,0.035289,0.701399,0.070578
6001,svm_rbf,"{'classifier__C': 5, 'classifier__gamma': 0.1, 'classifier__kernel': 'rbf'}",0.699469,0.069563,0.85036,0.034734,0.844274,0.046706,0.858621,0.052773,0.850671,0.035156,0.851448,0.034984,0.702896,0.069968
5745,svm_rbf,"{'classifier__C': 5, 'classifier__gamma': 0.1, 'classifier__kernel': 'rbf'}",0.69932,0.06942,0.850287,0.034661,0.844166,0.046589,0.858598,0.052631,0.850609,0.035077,0.851382,0.034909,0.702763,0.069818
8050,svm_rbf,"{'classifier__C': 50, 'classifier__gamma': 0.01, 'classifier__kernel': 'rbf'}",0.698018,0.068407,0.849598,0.034185,0.843243,0.046573,0.858211,0.05272,0.849928,0.034636,0.850727,0.034434,0.701454,0.068867
5683,svm_rbf,"{'classifier__C': 5, 'classifier__gamma': 0.1, 'classifier__kernel': 'rbf'}",0.701045,0.068864,0.851138,0.034353,0.844748,0.045932,0.859824,0.052392,0.851526,0.03481,0.852286,0.03465,0.704572,0.069299
5939,svm_rbf,"{'classifier__C': 5, 'classifier__gamma': 0.1, 'classifier__kernel': 'rbf'}",0.701051,0.068959,0.851159,0.034393,0.844928,0.045908,0.859627,0.052451,0.85152,0.034858,0.852278,0.034697,0.704556,0.069395
3000,svm_rbf,"{'classifier__C': 10, 'classifier__gamma': 0.05, 'classifier__kernel': 'rbf'}",0.699399,0.069621,0.850068,0.034699,0.841446,0.046194,0.861781,0.053435,0.850804,0.035225,0.851614,0.035078,0.703227,0.070156
4090,svm_rbf,"{'classifier__C': 5, 'classifier__gamma': 0.05, 'classifier__kernel': 'rbf'}",0.696796,0.069551,0.848246,0.034934,0.835163,0.047842,0.866023,0.051714,0.849705,0.035105,0.850593,0.034944,0.701186,0.069889
881,svm_rbf,"{'classifier__C': 10, 'classifier__gamma': 0.05, 'classifier__kernel': 'rbf'}",0.699814,0.069013,0.85041,0.0345,0.843605,0.047361,0.859648,0.052982,0.850805,0.034861,0.851627,0.034683,0.703253,0.069366
625,svm_rbf,"{'classifier__C': 10, 'classifier__gamma': 0.05, 'classifier__kernel': 'rbf'}",0.699691,0.069033,0.850338,0.034528,0.843478,0.047548,0.859648,0.052904,0.850737,0.034862,0.851563,0.034681,0.703125,0.069361
2238,svm_rbf,"{'classifier__C': 10, 'classifier__gamma': 0.1, 'classifier__kernel': 'rbf'}",0.695586,0.069656,0.848436,0.034746,0.842311,0.046371,0.856754,0.053026,0.848758,0.035216,0.849533,0.035061,0.699065,0.070121
1649,svm_rbf,"{'classifier__C': 5, 'classifier__gamma': 0.1, 'classifier__kernel': 'rbf'}",0.699825,0.069963,0.850496,0.034931,0.843914,0.046711,0.859434,0.05272,0.850902,0.035338,0.851674,0.035179,0.703347,0.070359
1905,svm_rbf,"{'classifier__C': 5, 'classifier__gamma': 0.1, 'classifier__kernel': 'rbf'}",0.700176,0.069684,0.850672,0.0348,0.844167,0.046766,0.859504,0.052613,0.85106,0.035193,0.851836,0.035031,0.703671,0.070062
819,svm_rbf,"{'classifier__C': 10, 'classifier__gamma': 0.05, 'classifier__kernel': 'rbf'}",0.701198,0.067898,0.851064,0.033994,0.843643,0.04683,0.861141,0.051877,0.85159,0.034317,0.852392,0.034126,0.704785,0.068253
1584,svm_rbf,"{'classifier__C': 100, 'classifier__gamma': 0.005, 'classifier__kernel': 'rbf'}",0.697552,0.070358,0.84924,0.035107,0.841788,0.047122,0.859355,0.053744,0.849754,0.035563,0.850572,0.035401,0.701143,0.070802
3698,svm_rbf,"{'classifier__C': 10, 'classifier__gamma': 0.05, 'classifier__kernel': 'rbf'}",0.704487,0.068955,0.852769,0.034495,0.845664,0.046549,0.862412,0.052027,0.853266,0.034875,0.854038,0.034681,0.708076,0.069362
5500,svm_rbf,"{'classifier__C': 5, 'classifier__gamma': 0.1, 'classifier__kernel': 'rbf'}",0.698522,0.069503,0.84986,0.034667,0.843771,0.046812,0.858138,0.053602,0.850148,0.035164,0.850955,0.034994,0.701909,0.069987
5244,svm_rbf,"{'classifier__C': 5, 'classifier__gamma': 0.1, 'classifier__kernel': 'rbf'}",0.698482,0.069574,0.84984,0.034701,0.843753,0.046838,0.858115,0.053654,0.850127,0.035201,0.850934,0.03503,0.701867,0.07006
1650,svm_rbf,"{'classifier__C': 5, 'classifier__gamma': 0.1, 'classifier__kernel': 'rbf'}",0.703435,0.068866,0.852271,0.034372,0.845503,0.046304,0.861466,0.052449,0.852709,0.034793,0.853484,0.034633,0.706968,0.069266
2037,svm_rbf,"{'classifier__C': 100, 'classifier__gamma': 'auto', 'classifier__kernel': 'rbf'}",0.683838,0.073365,0.842695,0.036626,0.838937,0.049731,0.847782,0.056031,0.84248,0.037076,0.84336,0.036864,0.68672,0.073728
5937,svm_rbf,"{'classifier__C': 10, 'classifier__gamma': 0.05, 'classifier__kernel': 'rbf'}",0.699495,0.070101,0.850306,0.035038,0.843547,0.047058,0.85948,0.052591,0.850735,0.035407,0.851513,0.035233,0.703027,0.070466
2495,svm_rbf,"{'classifier__C': 10, 'classifier__gamma': 0.1, 'classifier__kernel': 'rbf'}",0.693875,0.069974,0.847534,0.034879,0.841103,0.046462,0.856265,0.054106,0.847878,0.035478,0.848684,0.035294,0.697368,0.070589
3889,svm_rbf,"{'classifier__C': 10, 'classifier__gamma': 0.05, 'classifier__kernel': 'rbf'}",0.7006,0.068931,0.850805,0.034503,0.843519,0.046784,0.860697,0.051949,0.851327,0.034834,0.852108,0.034653,0.704215,0.069306
1150,svm_rbf,"{'classifier__C': 5, 'classifier__gamma': 0.1, 'classifier__kernel': 'rbf'}",0.698532,0.070052,0.849736,0.035017,0.84233,0.047221,0.859806,0.053184,0.85026,0.03542,0.851068,0.035257,0.702136,0.070513
5681,svm_rbf,"{'classifier__C': 100, 'classifier__gamma': 0.005, 'classifier__kernel': 'rbf'}",0.696816,0.070122,0.848927,0.034957,0.841871,0.046744,0.858504,0.05369,0.849382,0.03545,0.850187,0.035294,0.700374,0.070589
1586,svm_rbf,"{'classifier__C': 100, 'classifier__gamma': 0.005, 'classifier__kernel': 'rbf'}",0.698517,0.069863,0.849705,0.034908,0.842021,0.047123,0.860135,0.052996,0.85027,0.035295,0.851078,0.035131,0.702156,0.070262
3888,svm_rbf,"{'classifier__C': 10, 'classifier__gamma': 0.05, 'classifier__kernel': 'rbf'}",0.700343,0.069665,0.850732,0.034841,0.843839,0.046819,0.860083,0.051956,0.851198,0.03517,0.851961,0.034994,0.703922,0.069989
3699,svm_rbf,"{'classifier__C': 10, 'classifier__gamma': 0.05, 'classifier__kernel': 'rbf'}",0.703412,0.068092,0.852156,0.034065,0.84438,0.046339,0.862709,0.051963,0.852756,0.034445,0.853544,0.034266,0.707089,0.068532
3955,svm_rbf,"{'classifier__C': 10, 'classifier__gamma': 0.05, 'classifier__kernel': 'rbf'}",0.703285,0.06805,0.852094,0.034039,0.844308,0.046283,0.86266,0.051907,0.852697,0.034414,0.853484,0.03424,0.706968,0.06848
3122,svm_rbf,"{'classifier__C': 50, 'classifier__gamma': 0.01, 'classifier__kernel': 'rbf'}",0.696258,0.069187,0.8488,0.034497,0.842924,0.046005,0.856776,0.053114,0.849077,0.035032,0.84985,0.034854,0.699701,0.069709
3122,svm_rbf,"{'classifier__C': 50, 'classifier__gamma': 'auto', 'classifier__kernel': 'rbf'}",0.696193,0.068968,0.848769,0.03438,0.842924,0.045908,0.856702,0.053128,0.849038,0.034924,0.849813,0.034748,0.699626,0.069497
4027,svm_rbf,"{'classifier__C': 50, 'classifier__gamma': 0.005, 'classifier__kernel': 'rbf'}",0.69535,0.069417,0.847552,0.034829,0.834791,0.047771,0.864896,0.051962,0.848954,0.035018,0.849844,0.034871,0.699687,0.069741
3771,svm_rbf,"{'classifier__C': 50, 'classifier__gamma': 0.005, 'classifier__kernel': 'rbf'}",0.69541,0.069555,0.847573,0.034899,0.834719,0.047785,0.865045,0.052006,0.848991,0.035094,0.849882,0.034945,0.699764,0.069889
4090,svm_rbf,"{'classifier__C': 50, 'classifier__gamma': 0.005, 'classifier__kernel': 'rbf'}",0.696298,0.069543,0.848019,0.034887,0.835096,0.047612,0.865585,0.051835,0.849459,0.03507,0.850341,0.034934,0.700682,0.069869
3834,svm_rbf,"{'classifier__C': 50, 'classifier__gamma': 0.005, 'classifier__kernel': 'rbf'}",0.696229,0.069724,0.847977,0.034985,0.835006,0.047715,0.865611,0.051899,0.849425,0.035168,0.850308,0.035028,0.700616,0.070056
1978,svm_rbf,"{'classifier__C': 50, 'classifier__gamma': 0.005, 'classifier__kernel': 'rbf'}",0.695517,0.069852,0.847577,0.03509,0.834128,0.047696,0.865859,0.051959,0.849101,0.035325,0.849993,0.035154,0.699986,0.070309
1722,svm_rbf,"{'classifier__C': 50, 'classifier__gamma': 0.005, 'classifier__kernel': 'rbf'}",0.69556,0.069958,0.847597,0.035142,0.834162,0.047782,0.86586,0.052012,0.849117,0.035372,0.850011,0.035202,0.700021,0.070405
5942,svm_rbf,"{'classifier__C': 10, 'classifier__gamma': 0.05, 'classifier__kernel': 'rbf'}",0.695359,0.069592,0.847773,0.034881,0.836477,0.046895,0.863135,0.051891,0.848978,0.035166,0.849806,0.035027,0.699612,0.070054
3953,svm_rbf,"{'classifier__C': 10, 'classifier__gamma': 0.05, 'classifier__kernel': 'rbf'}",0.701219,0.068839,0.851106,0.034454,0.843769,0.046767,0.861064,0.051956,0.851634,0.034786,0.852417,0.034605,0.704833,0.06921
1841,svm_rbf,"{'classifier__C': 10, 'classifier__gamma': 0.05, 'classifier__kernel': 'rbf'}",0.700166,0.069767,0.850587,0.034848,0.843404,0.046946,0.860336,0.052803,0.851078,0.035233,0.85187,0.035073,0.70374,0.070146
6140,svm_rbf,"{'classifier__C': 10, 'classifier__gamma': 0.1, 'classifier__kernel': 'rbf'}",0.69719,0.070459,0.849414,0.035023,0.845388,0.046633,0.854876,0.054316,0.849343,0.035617,0.850132,0.035443,0.700264,0.070885
4022,svm_rbf,"{'classifier__C': 10, 'classifier__gamma': 0.05, 'classifier__kernel': 'rbf'}",0.695624,0.071426,0.848136,0.035796,0.839608,0.04872,0.859725,0.053313,0.848822,0.036065,0.849667,0.035885,0.699333,0.071769
3766,svm_rbf,"{'classifier__C': 10, 'classifier__gamma': 0.05, 'classifier__kernel': 'rbf'}",0.695696,0.071186,0.848146,0.035688,0.839391,0.048704,0.860043,0.053184,0.848869,0.035946,0.849717,0.035763,0.699434,0.071526
7730,svm_rbf,"{'classifier__C': 50, 'classifier__gamma': 0.01, 'classifier__kernel': 'rbf'}",0.698954,0.069009,0.850077,0.034459,0.843821,0.046648,0.858554,0.052995,0.850392,0.034929,0.851188,0.034734,0.702375,0.069468
1843,svm_rbf,"{'classifier__C': 10, 'classifier__gamma': 0.05, 'classifier__kernel': 'rbf'}",0.701762,0.06916,0.851355,0.034501,0.843765,0.046273,0.861657,0.052822,0.851922,0.034949,0.852711,0.034803,0.705422,0.069607
1584,svm_rbf,"{'classifier__C': 5, 'classifier__gamma': 0.1, 'classifier__kernel': 'rbf'}",0.699553,0.069615,0.850361,0.034701,0.843823,0.046343,0.859239,0.05321,0.850748,0.035202,0.851531,0.035038,0.703062,0.070076
1840,svm_rbf,"{'classifier__C': 5, 'classifier__gamma': 0.1, 'classifier__kernel': 'rbf'}",0.699552,0.069468,0.850361,0.034633,0.843824,0.046325,0.859239,0.053056,0.850751,0.035112,0.851532,0.034956,0.703063,0.069911
1527,svm_rbf,"{'classifier__C': 10, 'classifier__gamma': 0.05, 'classifier__kernel': 'rbf'}",0.693054,0.070517,0.846944,0.035356,0.839669,0.04887,0.856841,0.053871,0.847384,0.03567,0.848255,0.035458,0.69651,0.070917
5681,svm_rbf,"{'classifier__C': 50, 'classifier__gamma': 'auto', 'classifier__kernel': 'rbf'}",0.697786,0.070262,0.849456,0.035019,0.842935,0.046978,0.858298,0.053688,0.849813,0.035478,0.850617,0.035327,0.701234,0.070654
6001,svm_rbf,"{'classifier__C': 10, 'classifier__gamma': 0.05, 'classifier__kernel': 'rbf'}",0.700298,0.069784,0.850701,0.034869,0.843891,0.046865,0.859948,0.052557,0.851142,0.035245,0.851919,0.035082,0.703839,0.070164
6001,svm_rbf,"{'classifier__C': 50, 'classifier__gamma': 'auto', 'classifier__kernel': 'rbf'}",0.698095,0.06985,0.849654,0.034785,0.843439,0.046519,0.858077,0.053645,0.849964,0.035286,0.850758,0.03514,0.701515,0.07028
3634,svm_rbf,"{'classifier__C': 10, 'classifier__gamma': 0.05, 'classifier__kernel': 'rbf'}",0.703913,0.069519,0.852521,0.034743,0.845756,0.046562,0.861705,0.052316,0.852965,0.035145,0.853731,0.034961,0.707461,0.069921
5882,svm_rbf,"{'classifier__C': 50, 'classifier__gamma': 0.005, 'classifier__kernel': 'rbf'}",0.695536,0.069869,0.847607,0.03512,0.834395,0.047937,0.865563,0.051843,0.849088,0.035318,0.849979,0.035141,0.699958,0.070282
5818,svm_rbf,"{'classifier__C': 50, 'classifier__gamma': 0.005, 'classifier__kernel': 'rbf'}",0.695197,0.069575,0.847484,0.034929,0.834597,0.04752,0.864999,0.051935,0.848918,0.035183,0.849798,0.035004,0.699596,0.070009
6138,svm_rbf,"{'classifier__C': 50, 'classifier__gamma': 0.005, 'classifier__kernel': 'rbf'}",0.695773,0.069776,0.847731,0.035077,0.834557,0.0479,0.865637,0.051781,0.849208,0.035273,0.850097,0.035096,0.700194,0.070191
6074,svm_rbf,"{'classifier__C': 50, 'classifier__gamma': 0.005, 'classifier__kernel': 'rbf'}",0.695269,0.069558,0.847515,0.03493,0.834597,0.047574,0.865074,0.051839,0.848955,0.035166,0.849836,0.034989,0.699671,0.069978
1841,svm_rbf,"{'classifier__C': 5, 'classifier__gamma': 0.1, 'classifier__kernel': 'rbf'}",0.699259,0.069894,0.850204,0.034881,0.843587,0.046701,0.859189,0.052906,0.850609,0.035298,0.851388,0.035146,0.702776,0.070292
1787,svm_rbf,"{'classifier__C': 50, 'classifier__gamma': 0.005, 'classifier__kernel': 'rbf'}",0.695781,0.069945,0.847659,0.035146,0.833816,0.047878,0.866466,0.051946,0.849237,0.035354,0.850141,0.035186,0.700282,0.070372
2043,svm_rbf,"{'classifier__C': 50, 'classifier__gamma': 0.005, 'classifier__kernel': 'rbf'}",0.695985,0.069719,0.847773,0.035018,0.834015,0.047691,0.866467,0.051921,0.849341,0.03524,0.850241,0.035076,0.700482,0.070153
5681,svm_rbf,"{'classifier__C': 5, 'classifier__gamma': 0.1, 'classifier__kernel': 'rbf'}",0.698575,0.069386,0.849912,0.034652,0.843823,0.046659,0.858185,0.052738,0.850225,0.035074,0.851004,0.034901,0.702008,0.069802
4027,svm_rbf,"{'classifier__C': 5, 'classifier__gamma': 0.05, 'classifier__kernel': 'rbf'}",0.696042,0.069482,0.847811,0.034893,0.834319,0.047899,0.866151,0.051801,0.849333,0.035052,0.850235,0.034905,0.70047,0.06981
5744,svm_rbf,"{'classifier__C': 5, 'classifier__gamma': 0.1, 'classifier__kernel': 'rbf'}",0.700127,0.069028,0.850723,0.034426,0.844832,0.046121,0.858722,0.052621,0.851012,0.034895,0.851777,0.034727,0.703554,0.069455
1648,svm_rbf,"{'classifier__C': 5, 'classifier__gamma': 0.1, 'classifier__kernel': 'rbf'}",0.700341,0.069476,0.850765,0.03466,0.844344,0.046445,0.859484,0.052945,0.851135,0.035135,0.851914,0.034959,0.703828,0.069918
1904,svm_rbf,"{'classifier__C': 5, 'classifier__gamma': 0.1, 'classifier__kernel': 'rbf'}",0.700344,0.069456,0.850775,0.034652,0.844436,0.046439,0.859385,0.052871,0.851134,0.035115,0.851911,0.034944,0.703822,0.069887
5680,svm_rbf,"{'classifier__C': 50, 'classifier__gamma': 'auto', 'classifier__kernel': 'rbf'}",0.697922,0.0702,0.849498,0.035008,0.842686,0.046905,0.858738,0.053718,0.849906,0.035492,0.850712,0.035328,0.701424,0.070655
7794,svm_rbf,"{'classifier__C': 10, 'classifier__gamma': 0.05, 'classifier__kernel': 'rbf'}",0.699631,0.069133,0.850451,0.034533,0.844545,0.046655,0.858461,0.053055,0.850712,0.035019,0.851503,0.034815,0.703006,0.069631
8050,svm_rbf,"{'classifier__C': 10, 'classifier__gamma': 0.05, 'classifier__kernel': 'rbf'}",0.699449,0.069204,0.850357,0.034586,0.844455,0.046791,0.858363,0.053052,0.850616,0.035065,0.851409,0.034852,0.702818,0.069705
2492,svm_rbf,"{'classifier__C': 10, 'classifier__gamma': 0.1, 'classifier__kernel': 'rbf'}",0.69256,0.070895,0.847024,0.035337,0.841932,0.046864,0.853942,0.053818,0.847158,0.035853,0.847937,0.035687,0.695874,0.071374
4721,svm_rbf,"{'classifier__C': 10, 'classifier__gamma': 0.05, 'classifier__kernel': 'rbf'}",0.699077,0.069073,0.850099,0.034499,0.84384,0.047235,0.858598,0.053272,0.850399,0.034908,0.851219,0.034726,0.702437,0.069453
5747,svm_rbf,"{'classifier__C': 5, 'classifier__gamma': 0.1, 'classifier__kernel': 'rbf'}",0.70161,0.068616,0.851389,0.034263,0.844712,0.046041,0.860462,0.052067,0.851826,0.034674,0.852587,0.034512,0.705174,0.069024
6003,svm_rbf,"{'classifier__C': 5, 'classifier__gamma': 0.1, 'classifier__kernel': 'rbf'}",0.701728,0.06876,0.851451,0.03433,0.844783,0.046047,0.860511,0.052108,0.851887,0.034747,0.852647,0.034584,0.705294,0.069168
5938,svm_rbf,"{'classifier__C': 5, 'classifier__gamma': 0.05, 'classifier__kernel': 'rbf'}",0.697629,0.069663,0.848656,0.03499,0.835266,0.047463,0.86686,0.051257,0.850196,0.035156,0.851063,0.035008,0.702126,0.070016
5682,svm_rbf,"{'classifier__C': 5, 'classifier__gamma': 0.05, 'classifier__kernel': 'rbf'}",0.697659,0.06967,0.848666,0.034993,0.83523,0.047447,0.866934,0.051253,0.850215,0.035161,0.851082,0.035012,0.702164,0.070024
5746,svm_rbf,"{'classifier__C': 10, 'classifier__gamma': 0.05, 'classifier__kernel': 'rbf'}",0.702866,0.06903,0.851956,0.034447,0.844845,0.046267,0.861606,0.052699,0.852444,0.034903,0.853226,0.03474,0.706452,0.06948
6002,svm_rbf,"{'classifier__C': 10, 'classifier__gamma': 0.05, 'classifier__kernel': 'rbf'}",0.702919,0.069052,0.851988,0.034461,0.844918,0.046289,0.86158,0.052669,0.852468,0.034912,0.853249,0.034747,0.706497,0.069494
1907,svm_rbf,"{'classifier__C': 5, 'classifier__gamma': 0.05, 'classifier__kernel': 'rbf'}",0.697656,0.069245,0.848592,0.034783,0.834521,0.047246,0.867717,0.051265,0.850236,0.034974,0.851119,0.034825,0.702238,0.069651
1651,svm_rbf,"{'classifier__C': 5, 'classifier__gamma': 0.05, 'classifier__kernel': 'rbf'}",0.697564,0.069245,0.848551,0.03478,0.834505,0.047207,0.867644,0.051256,0.850193,0.034975,0.851074,0.034826,0.702148,0.069652
1590,svm_rbf,"{'classifier__C': 10, 'classifier__gamma': 0.05, 'classifier__kernel': 'rbf'}",0.695183,0.069984,0.847585,0.035108,0.835556,0.047388,0.863943,0.052115,0.848895,0.035369,0.84975,0.035223,0.699499,0.070447
5938,svm_rbf,"{'classifier__C': 10, 'classifier__gamma': 0.05, 'classifier__kernel': 'rbf'}",0.702509,0.06958,0.851812,0.034707,0.845171,0.046524,0.860823,0.053361,0.852204,0.035216,0.852997,0.035041,0.705994,0.070082
5182,svm_rbf,"{'classifier__C': 5, 'classifier__gamma': 0.1, 'classifier__kernel': 'rbf'}",0.698383,0.070393,0.849727,0.035171,0.843109,0.047557,0.858722,0.053584,0.850101,0.035588,0.850916,0.035413,0.701831,0.070826
5438,svm_rbf,"{'classifier__C': 5, 'classifier__gamma': 0.1, 'classifier__kernel': 'rbf'}",0.698341,0.070344,0.849716,0.035142,0.843144,0.047432,0.858648,0.053579,0.850085,0.03557,0.850896,0.035397,0.701792,0.070795
1906,svm_rbf,"{'classifier__C': 5, 'classifier__gamma': 0.1, 'classifier__kernel': 'rbf'}",0.703747,0.068753,0.852426,0.034331,0.845665,0.046347,0.861611,0.052316,0.852863,0.034736,0.853638,0.034572,0.707276,0.069145
1586,svm_rbf,"{'classifier__C': 500, 'classifier__gamma': 0.001, 'classifier__kernel': 'rbf'}",0.697769,0.069047,0.849329,0.034469,0.841567,0.046602,0.859865,0.052921,0.849908,0.03489,0.850716,0.034738,0.701432,0.069476
5681,svm_rbf,"{'classifier__C': 10, 'classifier__gamma': 0.05, 'classifier__kernel': 'rbf'}",0.699333,0.069907,0.850224,0.034949,0.843457,0.047035,0.859406,0.052531,0.850652,0.035314,0.851431,0.035139,0.702863,0.070279
3121,svm_rbf,"{'classifier__C': 50, 'classifier__gamma': 0.01, 'classifier__kernel': 'rbf'}",0.693239,0.069585,0.847377,0.034665,0.842578,0.046437,0.85389,0.053753,0.847444,0.035194,0.848234,0.035036,0.696467,0.070073
3121,svm_rbf,"{'classifier__C': 50, 'classifier__gamma': 'auto', 'classifier__kernel': 'rbf'}",0.693309,0.069653,0.847409,0.034695,0.84256,0.046403,0.853987,0.053832,0.847484,0.035238,0.848274,0.035078,0.696548,0.070157
3954,svm_rbf,"{'classifier__C': 10, 'classifier__gamma': 0.05, 'classifier__kernel': 'rbf'}",0.704381,0.069075,0.852706,0.034548,0.8455,0.046559,0.862485,0.052122,0.853219,0.034931,0.853993,0.034743,0.707985,0.069485
3632,svm_rbf,"{'classifier__C': 10, 'classifier__gamma': 0.05, 'classifier__kernel': 'rbf'}",0.700248,0.06977,0.850681,0.034895,0.843786,0.046891,0.860037,0.052106,0.851144,0.035236,0.851911,0.035056,0.703823,0.070111
1906,svm_rbf,"{'classifier__C': 10, 'classifier__gamma': 0.05, 'classifier__kernel': 'rbf'}",0.70369,0.0695,0.852331,0.034725,0.844936,0.046791,0.862365,0.05245,0.852867,0.035096,0.85365,0.034935,0.707301,0.069871
1650,svm_rbf,"{'classifier__C': 10, 'classifier__gamma': 0.05, 'classifier__kernel': 'rbf'}",0.703443,0.069482,0.852207,0.034688,0.844738,0.046551,0.862341,0.05261,0.852757,0.035099,0.85354,0.034942,0.707079,0.069885
3633,svm_rbf,"{'classifier__C': 10, 'classifier__gamma': 0.05, 'classifier__kernel': 'rbf'}",0.700367,0.068645,0.85068,0.034365,0.843338,0.04678,0.860647,0.051763,0.851211,0.034671,0.851993,0.034493,0.703985,0.068986
7794,svm_rbf,"{'classifier__C': 50, 'classifier__gamma': 'auto', 'classifier__kernel': 'rbf'}",0.697933,0.068789,0.849599,0.034357,0.843786,0.046774,0.857476,0.053201,0.849825,0.034839,0.850631,0.034632,0.701262,0.069265
7730,svm_rbf,"{'classifier__C': 50, 'classifier__gamma': 'auto', 'classifier__kernel': 'rbf'}",0.698823,0.068904,0.850037,0.034422,0.844167,0.046823,0.857994,0.053193,0.850275,0.034904,0.85108,0.034694,0.702161,0.069387
5745,svm_rbf,"{'classifier__C': 50, 'classifier__gamma': 'auto', 'classifier__kernel': 'rbf'}",0.698418,0.069645,0.849778,0.034693,0.843279,0.046535,0.858593,0.05372,0.850133,0.035202,0.850936,0.035052,0.701872,0.070103
5680,svm_rbf,"{'classifier__C': 5, 'classifier__gamma': 0.1, 'classifier__kernel': 'rbf'}",0.699218,0.069448,0.850266,0.034622,0.844363,0.046253,0.85828,0.052942,0.850552,0.035108,0.851322,0.034942,0.702644,0.069883
1585,svm_rbf,"{'classifier__C': 10, 'classifier__gamma': 0.05, 'classifier__kernel': 'rbf'}",0.700021,0.06971,0.850515,0.034808,0.84335,0.046897,0.860238,0.052898,0.851,0.035206,0.851794,0.035049,0.703588,0.070099
1979,svm_rbf,"{'classifier__C': 50, 'classifier__gamma': 0.005, 'classifier__kernel': 'rbf'}",0.695061,0.069522,0.847317,0.03492,0.833584,0.047592,0.865977,0.051818,0.848883,0.035139,0.849781,0.034979,0.699561,0.069958
1723,svm_rbf,"{'classifier__C': 50, 'classifier__gamma': 0.005, 'classifier__kernel': 'rbf'}",0.695167,0.069448,0.84738,0.034877,0.833693,0.04748,0.865977,0.05176,0.848942,0.035099,0.849835,0.034944,0.69967,0.069888
7986,svm_rbf,"{'classifier__C': 10, 'classifier__gamma': 0.05, 'classifier__kernel': 'rbf'}",0.70021,0.069265,0.850785,0.034577,0.845193,0.046393,0.858367,0.053076,0.851002,0.035099,0.85178,0.034894,0.70356,0.069787
7730,svm_rbf,"{'classifier__C': 10, 'classifier__gamma': 0.05, 'classifier__kernel': 'rbf'}",0.700217,0.069244,0.850785,0.034558,0.845085,0.046254,0.858515,0.052993,0.851027,0.035083,0.8518,0.034882,0.703599,0.069764
2042,svm_rbf,"{'classifier__C': 50, 'classifier__gamma': 0.005, 'classifier__kernel': 'rbf'}",0.695751,0.069705,0.847649,0.035048,0.833961,0.048052,0.866251,0.051889,0.849197,0.035239,0.850106,0.03506,0.700212,0.07012
1786,svm_rbf,"{'classifier__C': 50, 'classifier__gamma': 0.005, 'classifier__kernel': 'rbf'}",0.695614,0.069717,0.847586,0.035054,0.833942,0.048043,0.866127,0.051929,0.849126,0.035252,0.850034,0.035071,0.700069,0.070143
8050,svm_rbf,"{'classifier__C': 50, 'classifier__gamma': 'auto', 'classifier__kernel': 'rbf'}",0.69778,0.06933,0.849536,0.03461,0.843803,0.046787,0.857307,0.053432,0.849753,0.035114,0.850555,0.03491,0.70111,0.069819
7986,svm_rbf,"{'classifier__C': 50, 'classifier__gamma': 'auto', 'classifier__kernel': 'rbf'}",0.698334,0.068964,0.849829,0.034424,0.844169,0.046524,0.857505,0.053145,0.850045,0.034934,0.850837,0.034727,0.701673,0.069454
1585,svm_rbf,"{'classifier__C': 5, 'classifier__gamma': 0.1, 'classifier__kernel': 'rbf'}",0.699323,0.069916,0.850235,0.034889,0.843568,0.046634,0.859288,0.052906,0.850651,0.035314,0.851428,0.035163,0.702856,0.070326
5937,svm_rbf,"{'classifier__C': 5, 'classifier__gamma': 0.1, 'classifier__kernel': 'rbf'}",0.69878,0.069449,0.850016,0.034683,0.844004,0.046755,0.858185,0.052861,0.850311,0.035111,0.851094,0.034934,0.702188,0.069867
1846,svm_rbf,"{'classifier__C': 10, 'classifier__gamma': 0.05, 'classifier__kernel': 'rbf'}",0.695391,0.069494,0.8477,0.034851,0.835791,0.047211,0.863895,0.052018,0.848988,0.035109,0.849843,0.03497,0.699686,0.069941
817,svm_rbf,"{'classifier__C': 10, 'classifier__gamma': 0.05, 'classifier__kernel': 'rbf'}",0.698747,0.068962,0.849892,0.034461,0.84312,0.047118,0.859087,0.053023,0.850287,0.034855,0.851104,0.034676,0.702207,0.069353
1649,svm_rbf,"{'classifier__C': 10, 'classifier__gamma': 0.05, 'classifier__kernel': 'rbf'}",0.70103,0.069499,0.851024,0.034735,0.843872,0.046912,0.860729,0.052519,0.851513,0.0351,0.852301,0.034938,0.704601,0.069875
1905,svm_rbf,"{'classifier__C': 10, 'classifier__gamma': 0.05, 'classifier__kernel': 'rbf'}",0.701316,0.069547,0.851169,0.034751,0.844071,0.046936,0.860801,0.052614,0.851647,0.035119,0.852436,0.034959,0.704872,0.069918
6000,svm_rbf,"{'classifier__C': 5, 'classifier__gamma': 0.1, 'classifier__kernel': 'rbf'}",0.699959,0.069168,0.850629,0.034494,0.844706,0.046226,0.858672,0.052859,0.850917,0.034982,0.851689,0.034809,0.703378,0.069618
5682,svm_rbf,"{'classifier__C': 10, 'classifier__gamma': 0.05, 'classifier__kernel': 'rbf'}",0.70257,0.070048,0.851833,0.034945,0.8451,0.046683,0.860972,0.053492,0.852243,0.035455,0.853036,0.035277,0.706072,0.070553
1842,svm_rbf,"{'classifier__C': 5, 'classifier__gamma': 0.05, 'classifier__kernel': 'rbf'}",0.697393,0.069561,0.84851,0.034982,0.834905,0.047648,0.867007,0.051018,0.850084,0.03511,0.850956,0.034953,0.701912,0.069907
1586,svm_rbf,"{'classifier__C': 5, 'classifier__gamma': 0.05, 'classifier__kernel': 'rbf'}",0.697164,0.069451,0.848385,0.034931,0.834706,0.047634,0.866983,0.051068,0.849967,0.03507,0.850844,0.034909,0.701688,0.069817
2494,svm_rbf,"{'classifier__C': 10, 'classifier__gamma': 0.1, 'classifier__kernel': 'rbf'}",0.695173,0.069772,0.848239,0.034802,0.842131,0.046319,0.856534,0.052968,0.848564,0.035274,0.849332,0.035118,0.698664,0.070236
1842,svm_rbf,"{'classifier__C': 10, 'classifier__gamma': 0.05, 'classifier__kernel': 'rbf'}",0.702923,0.06965,0.85199,0.034767,0.844903,0.046528,0.861605,0.052686,0.852478,0.035184,0.853254,0.035031,0.706508,0.070061
5938,svm_rbf,"{'classifier__C': 5, 'classifier__gamma': 0.1, 'classifier__kernel': 'rbf'}",0.702729,0.069277,0.852022,0.034535,0.846098,0.046012,0.860067,0.052714,0.852324,0.035023,0.853082,0.03486,0.706165,0.069719
5682,svm_rbf,"{'classifier__C': 5, 'classifier__gamma': 0.1, 'classifier__kernel': 'rbf'}",0.70263,0.069404,0.851971,0.034599,0.846009,0.046033,0.860069,0.052707,0.852283,0.035081,0.853039,0.03492,0.706078,0.069841
5936,svm_rbf,"{'classifier__C': 5, 'classifier__gamma': 0.1, 'classifier__kernel': 'rbf'}",0.699214,0.069628,0.850255,0.034727,0.844327,0.046462,0.858305,0.052967,0.850543,0.035192,0.851316,0.035025,0.702632,0.070051
3890,svm_rbf,"{'classifier__C': 10, 'classifier__gamma': 0.05, 'classifier__kernel': 'rbf'}",0.704108,0.069525,0.852604,0.034736,0.845757,0.046579,0.861899,0.052493,0.853056,0.035151,0.853828,0.034967,0.707656,0.069934
1586,svm_rbf,"{'classifier__C': 10, 'classifier__gamma': 0.05, 'classifier__kernel': 'rbf'}",0.702579,0.069611,0.851824,0.034734,0.844705,0.046356,0.861484,0.05262,0.852324,0.035162,0.853094,0.035013,0.706188,0.070026
5746,svm_rbf,"{'classifier__C': 5, 'classifier__gamma': 0.1, 'classifier__kernel': 'rbf'}",0.702948,0.069122,0.852095,0.034469,0.84599,0.046286,0.860387,0.052724,0.852417,0.034923,0.853188,0.034761,0.706377,0.069523
6002,svm_rbf,"{'classifier__C': 5, 'classifier__gamma': 0.1, 'classifier__kernel': 'rbf'}",0.703112,0.069162,0.852177,0.034499,0.846061,0.046297,0.860485,0.052699,0.852503,0.034955,0.853273,0.034788,0.706546,0.069576
1648,svm_rbf,"{'classifier__C': 10, 'classifier__gamma': 0.05, 'classifier__kernel': 'rbf'}",0.701021,0.069792,0.851024,0.034865,0.843765,0.046716,0.860872,0.052593,0.85154,0.035262,0.852318,0.035099,0.704637,0.070199
1842,svm_rbf,"{'classifier__C': 5, 'classifier__gamma': 0.1, 'classifier__kernel': 'rbf'}",0.703076,0.069106,0.852115,0.034474,0.845378,0.046045,0.861268,0.052377,0.852563,0.034912,0.853323,0.034762,0.706646,0.069524
1586,svm_rbf,"{'classifier__C': 5, 'classifier__gamma': 0.1, 'classifier__kernel': 'rbf'}",0.702827,0.068992,0.851992,0.034411,0.845235,0.045953,0.861171,0.052309,0.852445,0.034848,0.853203,0.034702,0.706406,0.069404
5936,svm_rbf,"{'classifier__C': 10, 'classifier__gamma': 0.05, 'classifier__kernel': 'rbf'}",0.699467,0.070075,0.850327,0.034999,0.843781,0.04675,0.859207,0.052647,0.850726,0.035394,0.851494,0.035236,0.702988,0.070472
5744,svm_rbf,"{'classifier__C': 10, 'classifier__gamma': 0.05, 'classifier__kernel': 'rbf'}",0.700085,0.070184,0.850597,0.035051,0.843799,0.046884,0.859819,0.053022,0.851025,0.035478,0.851809,0.03531,0.703618,0.07062
1904,svm_rbf,"{'classifier__C': 10, 'classifier__gamma': 0.05, 'classifier__kernel': 'rbf'}",0.701206,0.069539,0.851128,0.034745,0.844018,0.0467,0.860773,0.052539,0.851615,0.035141,0.852396,0.034973,0.704791,0.069946
5680,svm_rbf,"{'classifier__C': 10, 'classifier__gamma': 0.05, 'classifier__kernel': 'rbf'}",0.699524,0.070064,0.850338,0.035002,0.84369,0.046866,0.859357,0.052722,0.850748,0.035394,0.851524,0.035232,0.703047,0.070464
6000,svm_rbf,"{'classifier__C': 10, 'classifier__gamma': 0.05, 'classifier__kernel': 'rbf'}",0.700524,0.069994,0.850836,0.034948,0.844197,0.046748,0.859843,0.052858,0.851243,0.035368,0.85202,0.035205,0.704039,0.07041
1584,svm_rbf,"{'classifier__C': 10, 'classifier__gamma': 0.05, 'classifier__kernel': 'rbf'}",0.700559,0.070009,0.850797,0.034973,0.843603,0.04685,0.860554,0.052717,0.851297,0.035367,0.852079,0.035205,0.704158,0.070409
1840,svm_rbf,"{'classifier__C': 10, 'classifier__gamma': 0.05, 'classifier__kernel': 'rbf'}",0.700676,0.069863,0.850849,0.034889,0.843621,0.046779,0.860652,0.052804,0.851351,0.035297,0.852137,0.035135,0.704273,0.070271
